{
    "items": [
        {
            "Name": "Windows",
            "TextColor": {
                "r": 1.0,
                "g": 1.0,
                "b": 1.0,
                "a": 1.0
            },
            "FontSize": 12,
            "FontStyle": 0,
            "ImageColor": {
                "r": 0.4738340973854065,
                "g": 0.7557770013809204,
                "b": 0.8301886916160584,
                "a": 1.0
            },
            "ImageType": 0
        },
        {
            "Name": "Buttons",
            "TextColor": {
                "r": 1.0,
                "g": 1.0,
                "b": 1.0,
                "a": 1.0
            },
            "FontSize": 12,
            "FontStyle": 0,
            "ImageColor": {
                "r": 0.9433962106704712,
                "g": 0.4506682753562927,
                "b": 0.2447490394115448,
                "a": 1.0
            },
            "ImageType": 0
        },
        {
            "Name": "Volume Sliders",
            "TextColor": {
                "r": 1.0,
                "g": 1.0,
                "b": 1.0,
                "a": 1.0
            },
            "FontSize": 12,
            "FontStyle": 0,
            "ImageColor": {
                "r": 0.5188679099082947,
                "g": 0.24230150878429414,
                "b": 0.49862053990364077,
                "a": 1.0
            },
            "ImageType": 0
        }
    ]
}